INSERT INTO Ruolo (Posizione, Descrizione) VALUES
('Portiere', 'Unico difensore autorizzato a toccare la palla con le mani. Protegge la porta.'),
('Difensore centrale sinistro', 'Giocatore centrale difensivo a sinistra.'),
('Difensore centrale destro', 'Giocatore centrale difensivo a destra.'),
('Terzino sinistro', 'Difensore sulla fascia sinistra. Difende e supporta l"attacco.'),
('Terzino destro', 'Difensore sulla fascia destra. Difende e supporta l"attacco.'),
('Esterno basso sinistro', 'Posizionato sulla fascia sinistra, difende e contribuisce all"attacco.'),
('Esterno basso destro', 'Posizionato sulla fascia destra, difende e contribuisce all"attacco.'),
('Centrocampista difensivo', 'Ruolo difensivo a centrocampo. Recupero palla e protezione difesa.'),
('Mediano', 'Posizionato centralmente a centrocampo. Compiti difensivi e distribuzione gioco.'),
('Centrocampista centrale', 'Gioca nel cuore del centrocampo. Costruzione gioco e recupero palla.'),
('Mezzala sinistra', 'Centrocampista laterale sinistro, propensione all"attacco.'),
('Mezzala destra', 'Centrocampista laterale destro, propensione all"attacco.'),
('Esterno sinistro', 'Sulla fascia sinistra, difensivo/offensivo. Partecipa all"attacco e difende.'),
('Esterno destro', 'Sulla fascia destra, difensivo/offensivo. Partecipa all"attacco e difende.'),
('Ala sinistra', 'Giocatore veloce, abile nel dribbling e a fare assist.'),
('Ala destra', 'Giocatore veloce, abile nel dribbling e a fare assist.'),
('Trequartista', 'Posizionato dietro agli attaccanti. Creativo, distribuisce assist e crea opportunità.'),
('Seconda punta', 'Vicina all"attaccante centrale. Fornisce supporto e segna gol.'),
('Attaccante centrale', 'Posizionato al centro dell"attacco. Ruolo principale è segnare gol; fisico o veloce.')

INSERT INTO nazionalità (Nome, Continente)
VALUES ('Afghanistan', 'Asia'), ('Albania', 'Europa'), ('Algeria', 'Africa'), ('Andorra', 'Europa'), ('Angola', 'Africa'), ('Anguilla', 'NordAmerica'), ('Antigua e Barbuda', 'NordAmerica'), ('Arabia Saudita', 'Asia'),('Argentina','SudAmerica'),('Armenia','Asia'),('Aruba','SudAmerica'),('Australia', 'Oceania'), ('Austria', 'Europa'), ('Azerbaigian','Asia'), ('Bahamas','NordAmerica'), ('Bahrein', 'Asia'), ('Bangladesh', 'Asia'), ('Barbados', 'NordAmerica'), ('Belgio', 'Europa'), ('Belize', 'NordAmerica'), ('Benin', 'Africa'), ('Bermuda', 'NordAmerica'), ('Bhutan', 'Asia'), ('Bielorussia', 'Europa'), ('Birmania', 'Asia'), ('Bolivia', 'SudAmerica'), ('Bosnia ed Erzegovina', 'Europa'),('Botswana', 'Africa'), ('Brasile', 'SudAmerica'), ('Brunei', 'Asia'), ('Bulgaria', 'Europa'), ('Burkina Faso', 'Africa'), ('Burundi', 'Africa'), ('Cambogia', 'Asia'), ('Camerun', 'Africa'), ('Canada', 'NordAmerica'), ('Capo Verde', 'Africa'), ('Ciad', 'Africa'), ('Cile', 'SudAmerica'), ('Cina', 'Asia'), ('Cipro', 'Europa'), ('Città del Vaticano', 'Europa'), ('Colombia', 'SudAmerica'), ('Comore', 'Africa'), ('Corea del Nord', 'Asia'), ('Corea del Sud', 'Asia'), ('Costa d"Avorio', 'Africa'), ('Costa Rica', 'NordAmerica'), ('Croazia', 'Europa'), ('Cuba', 'NordAmerica'), ('Curaçao', 'SudAmerica'), ('Danimarca', 'Europa'), ('Dominica', 'NordAmerica'),('Ecuador', 'SudAmerica'), ('Egitto', 'Africa'), ('El Salvador', 'NordAmerica'), ('Emirati Arabi Uniti', 'Asia'), ('Eritrea', 'Africa'), ('Estonia', 'Europa'), ('Etiopia', 'Africa'), ('Figi', 'Oceania'), ('Filippine', 'Asia'), ('Finlandia', 'Europa'), ('Francia', 'Europa'), ('Gabon', 'Africa'), ('Gambia', 'Africa'), ('Georgia', 'Asia'), ('Germania', 'Europa'), ('Ghana', 'Africa'), ('Giamaica', 'NordAmerica'), ('Giappone', 'Asia'), ('Gibilterra', 'Europa'), ('Gibuti', 'Africa'), ('Giordania', 'Asia'), ('Grecia', 'Europa'), ('Grenada', 'NordAmerica'), ('Groenlandia', 'NordAmerica'), ('Guadalupa', 'NordAmerica'), ('Guam', 'Oceania'), ('Guatemala', 'NordAmerica'), ('Guernsey', 'Europa'), ('Guinea', 'Africa'), ('Guinea-Bissau', 'Africa'), ('Guinea Equatoriale', 'Africa'), ('Guyana', 'SudAmerica'), ('Guyana francese', 'SudAmerica'), ('Haiti', 'NordAmerica'), ('Honduras', 'NordAmerica'), ('Hong Kong', 'Asia'), ('India', 'Asia'),('Inghilterra', 'Europa'), ('Iran', 'Asia'), ('Iraq', 'Asia'), ('Irlanda', 'Europa'), ('Islanda', 'Europa'),  ('Isola di Man', 'Europa'), ('Isola di Natale', 'Oceania'), ('Isola Norfolk', 'Oceania'), ('Isole Åland', 'Europa'), ('Isole BES', 'SudAmerica'), ('Isole Cayman', 'SudAmerica'), ('Isole Cocos (Keeling)', 'Oceania'), ('Isole Cook', 'Oceania'), ('Isole Faroe', 'Europa'), ('Isole Falkland', 'SudAmerica'), ('Isole Marianne Settentrionali', 'Oceania'), ('Isole Marshall', 'Oceania'), ('Isole minori esterne degli Stati Uniti', 'NordAmerica'), ('Isole Pitcairn', 'Oceania'), ('Isole Salomone', 'Oceania'), ('Isole Vergini britanniche', 'NordAmerica'), ('Isole Vergini americane', 'NordAmerica'), ('Israele', 'Asia'), ('Italia', 'Europa'), ('Jersey', 'Europa'), ('Kazakistan', 'Asia'), ('Kenya', 'Africa'), ('Kirghizistan', 'Asia'), ('Kiribati', 'Oceania'), ('Kuwait', 'Asia'), ('Laos', 'Asia'), ('Lesotho', 'Africa'), ('Lettonia', 'Europa'), ('Libano', 'Asia'), ('Liberia', 'Africa'), ('Libia', 'Africa'), ('Liechtenstein', 'Europa'), ('Lituania', 'Europa'), ('Lussemburgo', 'Europa'), ('Macao', 'Asia'), ('Macedonia', 'Europa'), ('Madagascar', 'Africa'), ('Malawi', 'Africa'), ('Malesia', 'Asia'), ('Maldive', 'Asia'), ('Mali', 'Africa'), ('Malta', 'Europa'), ('Marocco', 'Africa'), ('Martinica', 'NordAmerica'), ('Mauritania', 'Africa'), ('Mauritius', 'Africa'), ('Mayotte', 'Africa'),('Messico','NordAmerica'),('Micronesia','Oceania'),('Moldavia','Europa'),('Mongolia', 'Asia'), ('Montenegro', 'Europa'), ('Montserrat', 'NordAmerica'), ('Mozambico', 'Africa'), ('Namibia', 'Africa'), ('Nauru', 'Oceania'), ('Nepal', 'Asia'), ('Nicaragua', 'NordAmerica'), ('Niger', 'Africa'), ('Nigeria', 'Africa'), ('Niue', 'Oceania'), ('Norvegia', 'Europa'), ('Nuova Caledonia', 'Oceania'), ('Nuova Zelanda', 'Oceania'), ('Oman', 'Asia'), ('Paesi Bassi', 'Europa'), ('Pakistan', 'Asia'), ('Palau', 'Oceania'), ('Palestina', 'Asia'), ('Panama', 'NordAmerica'), ('Papua Nuova Guinea', 'Oceania'), ('Paraguay', 'SudAmerica'), ('Perù', 'SudAmerica'), ('Polinesia Francese', 'Oceania'), ('Polonia', 'Europa'), ('Porto Rico', 'NordAmerica'), ('Portogallo', 'Europa'), ('Monaco', 'Europa'), ('Qatar', 'Asia'), ('Regno Unito', 'Europa'), ('Repubblica Democratica del Congo', 'Africa'), ('Repubblica Ceca', 'Europa'), ('Repubblica Centrafricana', 'Africa'), ('Repubblica del Congo', 'Africa'), ('Repubblica Dominicana', 'SudAmerica'), ('Riunione', 'Africa'), ('Romania', 'Europa'), ('Ruanda', 'Africa'), ('Russia', 'Asia'),('Sahara Occidentale', 'Africa'), ('Saint Kitts e Nevis', 'NordAmerica'), ('Santa Lucia', 'NordAmerica'), ('Saint Vincent e Grenadine', 'NordAmerica'), ('Saint-Barthélemy', 'NordAmerica'), ('Saint-Martin', 'NordAmerica'), ('Saint-Pierre e Miquelon', 'NordAmerica'), ('Samoa', 'Oceania'), ('Samoa Americane', 'Oceania'), ('San Marino', 'Europa'), ('São Tomé e Príncipe', 'Africa'), ('Senegal', 'Africa'), ('Serbia', 'Europa'), ('Seychelles', 'Africa'), ('Sierra Leone', 'Africa'), ('Singapore', 'Asia'), ('Sint Maarten', 'NordAmerica'), ('Siria', 'Asia'), ('Slovacchia', 'Europa'), ('Slovenia', 'Europa'), ('Somalia', 'Africa'), ('Spagna', 'Europa'), ('Sri Lanka', 'Asia'), ('Stati Uniti', 'NordAmerica'), ('Sudafrica', 'Africa'), ('Sudan', 'Africa'), ('Sudan del Sud', 'Africa'), ('Suriname', 'SudAmerica'), ('Svalbard e Jan Mayen', 'Europa'), ('Svezia', 'Europa'), ('Svizzera', 'Europa'), ('Swaziland', 'Africa'), ('Taiwan', 'Asia'), ('Tagikistan', 'Asia'), ('Tanzania', 'Africa'), ('Territorio britannico dell"oceano Indiano', 'Asia'), ('Thailandia', 'Asia'), ('Timor Est', 'Asia'), ('Togo', 'Africa'), ('Tokelau', 'Oceania'), ('Tonga', 'Oceania'), ('Trinidad e Tobago', 'NordAmerica'), ('Tunisia', 'Africa'), ('Turchia', 'Asia'), ('Turkmenistan', 'Asia'), ('Turks e Caicos', 'NordAmerica'), ('Tuvalu', 'Oceania'), ('Ucraina', 'Europa'), ('Uganda', 'Africa'), ('Ungheria', 'Europa'), ('Uruguay', 'SudAmerica'), ('Uzbekistan', 'Asia'), ('Vanuatu', 'Oceania'), ('Venezuela', 'SudAmerica'), ('Vietnam', 'Asia'), ('Wallis e Futuna', 'Oceania'), ('Yemen', 'Asia'), ('Zambia', 'Africa'), ('Zimbabwe', 'Africa'), ('Europa', 'Europa'), ('Oceania','Oceania'), ('SudAmerica', 'SudAmerica'), ('Africa', 'Africa'), ('Asia', 'Asia'), ('NordAmerica', 'NordAmerica')


INSERT INTO Squadra (Nome, Categoria, annoFondazione, Nazionalità)
VALUES ('FC Bayern Monaco', 'M', '1900', 'Germania') ,
 ('Liverpool FC', 'M', '1892', 'Inghilterra') ,
 ('Clube de Regatas do Flamengo', 'M', '1895', 'Brasile'),
('River Plate', 'M', '1901', 'Argentina') , 
('Al Ahly SC', 'M', '1907', 'Egitto') ,
 ('TP Mazembe', 'M', '1939', 'Repubblica Democratica del Congo'),
 ('Tigres UANL', 'M', '1960', 'Messico'), ('CF Monterrey' , 'M', '1945', 'Messico') ,
('Al-Hilal FC', 'M', '1957', 'Arabia Saudita') , ('Guangzhou Evergrande', 'M', '1954', 'Cina'), 
('Team Wellington' , 'M', '2004', 'Nuova Zelanda'),
 ('Auckland City FC', 'M', '2004', 'Nuova Zelanda'),
('Manchester United', 'M', '1878', 'Inghilterra'),
('Manchester City', 'M', '1880', 'Inghilterra'),
('Chelsea FC', 'M', '1905', 'Inghilterra'),
('Arsenal FC', 'M', '1886', 'Inghilterra'),
('Real Madrid CF', 'M', '1902', 'Spagna'),
('FC Barcelona', 'M', '1899', 'Spagna'),
('Atletico Madrid', 'M', '1903', 'Spagna'),
('Valencia CF', 'M', '1919', 'Spagna'),
('Sevilla FC', 'M', '1890', 'Spagna'),
('Juventus FC', 'M', '1897', 'Italia'),
('AC Milan', 'M', '1899', 'Italia'),
('FC Internazionale Milano', 'M', '1908', 'Italia'),
('AS Roma', 'M', '1927', 'Italia'),
('SSC Napoli', 'M', '1926', 'Italia'),
('FC Bayern Monaco', 'M', '1900', 'Germania'),
('Borussia Dortmund', 'M', '1909', 'Germania'),
('FC Schalke 04', 'M', '1904', 'Germania'),
('Bayer 04 Leverkusen', 'M', '1904', 'Germania'),
('VfB Stuttgart', 'M', '1893', 'Germania'),
('Paris Saint-Germain FC', 'M', '1970', 'Francia'),
('Olympique de Marseille', 'M', '1899', 'Francia'),
('AS Monaco FC', 'M', '1924', 'Francia'),
('Olympique Lyonnais', 'M', '1950', 'Francia'),
('AS Saint-Etienne', 'M', '1919', 'Francia'),
('Barcelona Femminile', 'F', '1970', 'Spagna'),
('Real Madrid Femminile', 'F', '2014', 'Spagna'),
('Real Betis Femminile', 'F', '2011', 'Spagna'),
('Olympique Lione Femminile', 'F', '1970', 'Francia'),
('Paris Saint-Germain Femminile', 'F', '1971', 'Francia'),
('Stade de Reims Femminile', 'F','1968', 'Francia'),
('Manchester City Femminile', 'F', '1988', 'Inghilterra'),
('Aston Villa Femminile', 'F', '1973', 'Inghilterra'),
('Liverpool Femminile', 'F', '1989', 'Inghilterra'),
('San Diego Wave FC', 'F', '2021', 'Stati Uniti'),
('Chicago Red Stars', 'F', '2007', 'Stati Uniti'),
('Angel City FC', 'F', '2021', 'Stati Uniti'),
('Bologna', 'M', '1909', 'Italia'),
('Ascoli', 'M', '1898', 'Italia'),
('Sampdoria', 'M', '1946', 'Italia'),
('Torino', 'M', '1906', 'Italia'),
('Atalanta', 'M', '1907', 'Italia'),
('Sassuolo', 'M', '1922', 'Italia'),
('Villarreal', 'M', '1923', 'Spagna'),
('West Ham', 'M', '1895', 'Inghilterra'),
('Barcellona B', 'M', '1970', 'Spagna'),
('Barcellona C', 'M', '1982', 'Spagna'),
('Inter Miami', 'M', '2018', 'Stati Uniti'),
('Perugia', 'M', '1905', 'Italia'),
('Pescara', 'M', '1936', 'Italia'),
('Lille', 'M', '1944', 'Francia'),
('Montpellier', 'M', '1919', 'Francia'),
('Tours', 'M', '1919', 'Francia'),
('Istres', 'M', '1920', 'Francia'),
('Grenoble', 'M', '1892', 'Francia'),
('Al-Sadd', 'M', '1969', 'Qatar'),
('Espanyol Femminile', 'F', '1988', 'Spagna'),
('Levante Femminile', 'F', '1988', 'Spagna'),
('Svincolato', 'F', '1900', 'Italia'),
('Svincolato', 'M', '1900', 'Italia')

INSERT INTO feature (Tipofeature, Descrizione)
VALUES ('Colpo di testa', 'Abilità nel colpire la palla con la testa'),('Tackle', 'Abilità nel contrastare e rubare la palla agli avversari'),('Rovesciata', 'Abilità nel tirare di rovesciata'),('Resistenza', 'Capacità di mantenere un alto livello di prestazioni per l"intera durata della partita'),('Visione', 'Capacità di anticipare il gioco e prendere decisioni tattiche intelligenti'),('Dribbling', 'Capacità di superare gli avversari mantenendo il controllo della palla'),('Velocità', 'Capacità di muoversi rapidamente sul campo'),('Mentalità', 'Determinazione, concentrazione e volontà di vincere'),('Rinvio', 'Abilità nel respingere la palla con i piedi'),('Riflessi', 'Velocità di reazione ai movimenti della palla e degli avversari'),('Passaggio', 'Precisione e abilità nel passare la palla ai compagni di squadra'),('Finalizzazione', 'Abilità nel segnare gol');

INSERT INTO trofeoCompetizione (nome, descrizione, categoria)
VALUES ('CAF Champions League Femminile','Il trofeo per club africani femminili','F'),('Coppa Libertadores Femenina', 'La coppa per club sudamericani femminili','F'),('UEFA Women"s Champions League', 'Trofeo europeo per club femminili', 'F'),('NWSL Championship','Trofeo della National Women"s Soccer League negli Stati Uniti', 'F'),('FA Women"s Super League ', 'Trofeo inglese femminile di massima serie','F'),('Primera División Femenina', 'Trofeo di calcio femminile della massima serie in Spagna', 'F'),('Damallsvenskan', 'Trofeo di calcio femminile in Svezia di massima serie', 'F'),('Brasileirão Feminino Serie A', 'Trofeo di calcio femminile in Brasile di massima serie', 'F'),('Campionato del Mondo FIFA femminile','Trofeo internazionale più prestigioso per le squadre nazionali femminili', 'F'),('Coppa America femminile', 'Trofeo per le squadre nazionali femminili sudamericane', 'F'),('Coppa delle Nazioni Africane femminile', 'Trofeo per le squadre nazionali femminili africane', 'F'),('Coppa Asiatica AFC femminile', 'La coppa per le squadre nazionali femminili asiatiche', 'F'),('Campionato Europeo femminile UEFA', 'Il trofeo per le squadre nazionali femminili europee', 'F'),('Coppa del Mondo FIFA U-20 femminile','La coppa per le squadre nazionali femminili Under-20', 'F'),('Coppa del Mondo FIFA U-17 femminile', 'La coppa per le squadre nazionali femminili Under-17', 'F'),('Algarve Cup', 'Trofeo di calcio femminile che si tiene annualmente in Portogallo', 'F'),('Cyprus Cup', 'Trofeo internazionale femminile che si tiene annualmente a Cipro', 'F'),('SheBelieves Cup', 'Trofeo internazionale femminile che si tiene annualmente negli Stati Uniti', 'F'),('FIFA Women"s World Cup', 'La coppa del Mondo FIFA femminile per le squadre nazionali femminili','F'),('Coppa africana delle nazioni CAF Champions League', 'La coppa africana per club maschili', 'M'),('Campionato del Mondo FIFA', 'La coppa più prestigiosa per le squadre nazionali maschili', 'M'),('Coppa America', 'La coppa per le squadre nazionali maschili sudamericane', 'M'),('Europei UEFA (Campionato Europeo)', 'Il trofeo per le squadre nazionali maschili europee', 'M'),('Coppa d"Africa', 'La coppa per le squadre nazionali maschili africane', 'M'),('Coppa Asiatica AFC', 'La coppa per le squadre nazionali maschili asiatiche', 'M'),('Gold Cup CONCACAF', 'La coppa per le squadre nazionali maschili del Nord, Centro America e Caraibi','M'),('Coppa delle Nazioni Oceaniane OFC', 'La coppa per le squadre nazionali maschili dell’Oceania', 'M'),('UEFA Champions League', 'La coppa europea per club maschili', 'M'),('Coppa Libertadores', 'La  coppa sudamericana per club maschili', 'M'),('Coppa AFC','La coppa  asiatica per club maschili', 'M'),('Supercoppa UEFA','Trofeo dei vincitori della UEFA Champions League e della UEFA Europa League', 'M'),('Supercoppa italiana', 'Trofeo dei vincitori tra iil campionato italiano e della Coppa Italia', 'M'),('Community Shield', 'La coppa inglese che vede sfidarsi i vincitori della Premier League e della FA Cup', 'M'),('Coppa del Mondo per club FIFA','Trofeo tra i vincitori delle confederazioni continentali e il club della Coppa Libertadores', 'M'),('Coppa CONCACAF Champions League', 'La coppa nordamericana, centroamericana e caraibica per club maschili', 'M'),('Coppa del Mondo CONCACAF', 'La coppa per squadre nazionali maschili del Nord, Centro America e Caraibi', 'M'),('Coppa del Mondo AFC', 'La coppa per squadre nazionali maschili asiatiche', 'M'),('Coppa delle Nazioni Arabiche', 'Trofeo per squadre nazionali maschili dei paesi arabi', 'M'),('Coppa del Mondo delle Nazioni Unite', 'Trofeo benefico organizzato per squadre di calciatori professionisti', 'M'),('Coppa del Re', 'La coppa nazionale spagnola per club maschili', 'M'),('DFB-Pokal', 'La coppa nazionale tedesca per club maschili', 'M'),('Coppa di Lega', 'La coppa nazionale per club maschili in Inghilterra', 'M'),('Coppa della Lega', 'La coppa nazionale per club maschili in Italia', 'M'),('Coppa di Francia', 'La coppa nazionale francese per club maschili', 'M'),('Coppa del Portogallo', 'La coppa nazionale portoghese per club maschili', 'M'),('Coppa del Brasile', 'La coppa nazionale brasiliana per club maschili', 'M'),('Trofeo Scudetto', 'Il trofeo assegnato alla squadra che si classifica al primo posto nella lega italiana', 'M'),('English Premier League Trophy', 'Coppa assegnata alla squadra che si classifica al primo posto nella massima lega inglese', 'M'),('La Liga Trophy', 'Trofeo assegnato alla squadra che si classifica al primo posto nella massima lega spagnola', 'M'),('Ligue 1 Trophy', 'Trofeo assegnato alla vincitrice della lega massima francese', 'M'),('Bundesliga Trophy', 'Titolo assegnato alla squadra che si classifica al primo posto nella massima divisione tedesca', 'M'),('Trofeo Liga F', 'Trofeo assegnato alla squadra classificata al primo posto nella massima lega femminile spagnola', 'F'),('Trophée de la Ligue 1 Féminine', 'Trofeo della massima divisione del calcio femminile francese', 'F'),('Trofeo Serie A Femminile', 'Trofeo della massima serie femminile italiana', 'F'),('Frauen-Bundesliga Trophy', 'Il titolo assegnato alla squadra situata al primo posto nella massima serie femminile tedesca', 'F'),('Premier League Women"s Trophy', 'Titolo della squadra al primo posto nella massima divisione del calcio femminile inglese', 'F'), ('Trofeo PSL', 'Trofeo della vincitrice della massima serie Sudafricana', 'M'),('Trofeo Egiziano','Trofeo della vincitrice della massima serie Sudafricana','M'), ('UEFA Europa League', 'Trofeo assegnato alla squadra vincitrice della Uefa Europa League maschile' , 'M'),('UEFA Europa Conference League', 'Trofeo assegnato alla squadra vincitrice della Uefa Conference League maschile','M'), ('UEFA Women"s Europa League', 'Trofeo assegnato alla squadra vincitrice della Uefa Europa League femminile', 'F'), ('UEFA Women"s Europa Conference League', 'Trofeo assegnato alla squadra vincitrice della Uefa Conference League femminile', 'F');

INSERT INTO competizione (nome, descrizione, categoria, nazionalità, trofeocompetizione)
VALUES ('La Liga', 'Campionato di massima serie spagnola', 'M', 'Spagna', 'La Liga Trophy'), ('Premier League', 'Campionato di massima serie inglese', 'M', 'Inghilterra', 'English Premier League Trophy'), ('Serie A', 'Campionato di massima serie italiana', 'M', 'Italia', 'Trofeo Scudetto'), ('Bundesliga', 'Campionato di massima serie tedesca', 'M', 'Germania', 'Bundesliga Trophy'), ('Premier Soccer League', 'Campionato di massima serie del Sud Africa', 'M', 'Sudafrica', 'Trofeo PSL'), ('Egyptian Premier League', 'Campionato di massima serie egiziana', 'M', 'Egitto', 'Trofeo Egiziano'), ('UEFA Champions League', 'La competizione europea per club più prestigiosa', 'M','Europa', 'UEFA Champions League'),('UEFA Europa League', 'La seconda competizione europea per club in termini di prestigio', 'M', 'Europa','UEFA Europa League'),('UEFA Europa Conference League', 'La nuova competizione europea per club che include anche squadre di basso rango','M','Europa','UEFA Europa Conference League'),('UEFA Women"s Champions League', 'La principale competizione europea femminile per club', 'F', 'Europa', 'UEFA Women"s Champions League'),('UEFA Women"s Europa League', 'La seconda competizione europea femminile per club in termini di prestigio', 'F', 'Europa', 'UEFA Women"s Europa League'),('UEFA Women"s Europa Conference League', 'La nuova competizione europea femminile per club che include anche squadre di basso rango', 'F', 'Europa', 'UEFA Women"s Europa Conference League')

INSERT INTO calciatore (Nome, Cognome, Piede, Sesso, DataNascita, DataRitiro)
VALUES
  ('Lionel', 'Messi', 'Sinistro', 'M', '24/06/1987', NULL),
  ('Olivier', 'Giroud', 'Sinistro', 'M', '30/09/1986', NULL),
  ('Matteo', 'Politano', 'Sinistro', 'M', '03/08/1993', NULL),
  ('David', 'De Gea', 'Destro', 'M', '07/11/1990', NULL),
  ('Simone', 'Zaza', 'Sinistro', 'M', '25/06/1991', NULL),
  ('Roberto', 'Soriano', 'Destro', 'M', '08/02/1991', NULL),
  ('Xavier', 'Hernàndez','Destro', 'M', '25/01/1980', '20/05/2019'),
  ('Eden', 'Hazard', 'Destro', 'M', '07/01/1991','10/10/2023'),
  ('Paolo', 'Maldini', 'Ambidestro', 'M', '26/06/1968', '24/05/2009'),
  ('Alexia', 'Putellas','Sinistro', 'F', '04/02/1994', NULL),
  ('Aitana', 'Bonmati','Destro', 'F', '18/01/1998', NULL),
  ('Wendie', 'Renard', 'Destro', 'F', '20/07/1990', NULL)

INSERT INTO Ha (Calciatore, Ruolo)
VALUES ('13', 'Ala destra'), ('13', 'Attaccante centrale'), ('13', 'Seconda punta'),
		  ('14', 'Attaccante centrale'), ('14', 'Portiere'),
		  ('15', 'Ala destra'), ('15','Seconda punta'), (' 15','Esterno destro'),
		  ('16','Portiere'),
		  ('17','Attaccante centrale'), ('17','Seconda punta'),
		  ('18','Trequartista'), ('18','Esterno sinistro'), ('18','Centrocampista centrale'),
		  ('19','Centrocampista centrale'), ('19','Trequartista'), ('19','Mediano'),
		  ('20','Ala sinistra'), ('20','Ala destra'), ('20','Trequartista'),
		  ('21','Terzino sinistro'), ('21','Difensore centrale destro'), ('21','Difensore centrale sinistro'),
		  ('22','Centrocampista centrale'), ('22','Trequartista'),
		  ('23','Centrocampista centrale'),
		  ('24','Difensore centrale destro')

INSERT INTO trofeocalciatore (nome, descrizione,categoria)
VALUES ('CAF Women"s Player of the Year', 'Il premio assegnato dalla Confederazione Africana di Calcio alla migliore calciatrice africana','F'),('AFC Women"s Player of the Year', 'Il premio assegnato dalla Confederazione Asiatica di Calcio alla migliore calciatrice asiatica','F'),('CONCACAF Women"s Player of the Year', 'Trofeo assegnato dalla Confederazione calcistica del Nord, Centro America alla migliore calciatrice','F'),('OFC Women"s Player of the Year', 'Il premio assegnato dalla Confederazione calcistica dell"Oceania alla migliore calciatrice','F'),('Nadeshiko League MVP', 'Il premio per la miglior giocatrice nella massima lega di calcio femminile giapponese','F'),('PFA Women"s Player of the Year', 'Il premio assegnato dalle giocatrici della PFA in Inghilterra alla migliore calciatrice dell’anno','F'),('Ballon d"Or Féminin', 'Il Pallone d"Oro femminile', 'F'),('UEFA Women"s Player of the Year', 'Il premio assegnato dalla UEFA alla migliore giocatrice d"Europa', 'F'),('FIFA The Best Women"s Player', 'Il premio assegnato annualmente dalla FIFA alla migliore giocatrice del mondo', 'F'),('NWSL MVP', 'Il premio per la miglior giocatrice della National Women"s Soccer League', 'F'),('FA WSL Player of the Season', 'Il premio assegnato alla migliore giocatrice della FA Women"s Super League in Inghilterra', 'F'),('Women Golden Foot', 'Riconoscimento per la carriera e l"eccezionalità di una calciatrice', 'F'),('Golden Boot','Conferito alla miglior marcatrice di una competizione o di una lega','F'),('Miglior giocatrice della Coppa del Mondo FIFA','Assegnato alla calciatrice più eccezionale durante la Coppa del Mondo FIFA Femminile','F'),('FIFPro Women"s World XI','L"organizzazione mondiale dei calciatori professionisti forma una squadra ideale mondiale','F'),('Pallone d"Oro', 'Conferito dalla rivista France Football al miglior calciatore maschile del mondo', 'M'),('FIFA The Best Men"s Player', 'Il premio assegnato annualmente dalla FIFA al miglior calciatore maschile del mondo', 'M'),('Scarpa d"Oro', 'Conferito al miglior marcatore di una lega calcistica europea durante una stagione', 'M'),('Women FIFA FIFPro World XI', 'Squadra ideale del mondo votata dai calciatori professionisti', 'M'),('Premier League Player of the Season', 'Premio assegnato al miglior giocatore della Premier League inglese in una stagione', 'M'),('La Liga Player of the Season', 'Premio per il miglior giocatore della La Liga spagnola in una stagione', 'M'),('Serie A Best Player', 'Conferito al miglior giocatore della Serie A italiana in una stagione', 'M'),('Bundesliga Player of the Season', 'Premio assegnato al miglior giocatore della Bundesliga tedesca in una stagione', 'M'),('Premio Kopa', 'Conferito al miglior giovane (under 21) nel mondo del calcio, istituito da France Football', 'M'),('Premio Bravo', 'Conferito al miglior giovane giocatore della Serie A italiana', 'M'),('Guerin d"Oro', 'Conferito al miglior calciatore italiano', 'M'),('Premio Puskás', 'Assegnato al miglior gol dell"anno, istituito dalla FIFA', 'M'),('Premio UEFA Europa League Player of the Season', 'Conferito al miglior giocatore della UEFA Europa League', 'M'),('Premio UEFA Super Cup Player of the Season', 'Conferito al miglior giocatore della partita della UEFA Super Cup', 'M'),('UEFA Men Player of the Year', 'Premio assegnato dalla UEFA al miglior giocatore europeo', 'M'),('PFA Player of the Year', 'Premio assegnato dai giocatori della Professional Footballers al miglior giocatore', 'M'),('Golden Foot', 'Riconoscimento per la carriera e l"eccezionalità di un calciatore', 'M'),('Ligue 1 Player of the Season', 'Premio assegnato al miglior giocatore della Ligue 1 francese in una stagione', 'M'),('Eredivisie Player of the Season','Premio assegnato al miglior giocatore dell"Eredivisie olandese in una stagione','M'),('MLS MVP (Most Valuable Player)', 'Premio per il miglior giocatore della Major League Soccer negli Stati Uniti', 'M'),('FIFA FIFPro World XI', 'Squadra ideale del mondo votata dai calciatori professionisti', 'M'),('Capocannoniere di una Coppa Nazionale', 'Titolo assegnato al miglior marcatore di una coppa nazionale', 'M'),('Coppa d"Oro CONCACAF MVP', 'Premio per il miglior giocatore della Coppa d"Oro della CONCACAF', 'M'),('Coppa Asiatica AFC Player of the Tournament', 'Premio assegnato al miglior giocatore del torneo nella Coppa Asiatica AFC', 'M'),('Premier League Golden Glove', 'Conferito al miglior portiere della Premier League per il maggior numero di clean sheet in un anno', 'M'),('La Liga Zamora Trophy', 'Trofeo assegnato al miglior portiere della La Liga con la miglior media di gol subiti a partita', 'M'),('Serie A Best Goalkeeper', 'Conferito al miglior portiere della Serie A in una stagione', 'M'),('Bundesliga Goalkeeper of the Season', 'Premio assegnato al miglior portiere della Bundesliga in una stagione', 'M'),('Ligue 1 Goalkeeper of the Year', 'Riconoscimento per il miglior portiere della Ligue 1 in una stagione', 'M'),('Capocannoniere della Coppa America', 'Titolo assegnato al miglior marcatore della Coppa America', 'M'),('Capocannoniere della Coppa delle Nazioni Africane', 'Titolo assegnato al miglior marcatore della Coppa delle Nazioni Africane (CAN)', 'M'),('Capocannoniere della Coppa Asiatica AFC', 'Titolo assegnato al miglior marcatore della Coppa Asiatica AFC', 'M'),('Capocannoniere della Coppa del Mondo per club FIFA', 'Titolo assegnato al miglior marcatore della Coppa del Mondo per club FIFA', 'M'),('Capocannoniere della UEFA Champions League', 'Titolo assegnato al miglior marcatore della UEFA Champions League', 'M'),('Capocannoniere della Coppa Libertadores', 'Titolo assegnato al miglior marcatore della Coppa Libertadores', 'M'),('Capocannoniere della CONCACAF Champions League', 'Titolo assegnato al miglior marcatore della CONCACAF Champions League', 'M'),('Capocannoniere della AFC Champions League', 'Titolo assegnato al miglior marcatore della AFC Champions League', 'M'),('Capocannoniere della Copa del Rey', 'Titolo assegnato al miglior marcatore della Coppa del Re spagnola', 'M'),('Capocannoniere della DFB-Pokal', 'Titolo assegnato al miglior marcatore della DFB-Pokal tedesca', 'M'),('Capocannoniere della Coppa di Lega inglese', 'Titolo assegnato al miglior marcatore della Coppa di Lega inglese', 'M'),('Capocannoniere della Coppa della Lega italiana', 'Titolo assegnato al miglior marcatore della Coppa della Lega italiana', 'M'),('Capocannoniere della Coppa di Francia', 'Titolo assegnato al miglior marcatore della Coppa di Francia', 'M'),('Capocannoniere della Coppa del Portogallo', 'Titolo assegnato al miglior marcatore della Coppa del Portogallo', 'M'),('Capocannoniere del Brasileirão', 'Titolo assegnato al miglior marcatore del Brasileirão brasiliano', 'M'),('Premio Samba d”Or', 'Conferito al miglior giocatore brasiliano che gioca all”estero', 'M'),('Coppa delle Coppe dell"AFC Top Scorer', 'Titolo assegnato al miglior marcatore della Coppa delle Coppe dell"AFC', 'M'),('Coppa dell"Europa Centrale Top Scorer', 'Titolo assegnato al miglior marcatore della Coppa dell"Europa Centrale', 'M'),('Coppa Baltica Top Scorer', 'Titolo assegnato al miglior marcatore della Coppa Baltica', 'M'),('UEFA Champions League Goalkeeper of the Season', 'Conferito al miglior portiere della UEFA Champions League', 'M'),('Coppa Libertadores Best Player', 'Premio assegnato al miglior giocatore della Coppa Libertadores', 'M'),('Coppa America Best Player', 'Premio per il miglior giocatore della Coppa America', 'M'),('Coppa del Mondo per club FIFA Golden Ball', 'Premio assegnato al miglior giocatore della Coppa del Mondo per club FIFA', 'M'),('Miglior giocatore della stagione della Coppa del Mondo Under-20 FIFA', 'Conferito al miglior giocatore della Coppa del Mondo FIFA Under-20', 'M'),('Miglior giocatore della stagione della Coppa del Mondo Under-17 FIFA', 'Conferito al miglior giocatore della Coppa del Mondo FIFA Under-17', 'M'),('Premio Golden Boy', 'Conferito al miglior giovane calciatore in Europa', 'M'),('Premio UEFA Europa Conference League Player of the Season', 'Conferito al miglior giocatore della UEFA Europa Conference League', 'M'),('Scarpa d"oro','Trofeo assegnato annualmente al miglior marcatore delle leghe europee','M'), ('All-Star-Team dei mondiali','Selezione migliori giocatori della fase finale della coppa del mondo','M'),
('Onze Di Bronzo','Medalgia di bronzo del trofeo Onze di Oro','M'), ('Premio Gianni Brera','Trofeo che consiste nello sportivo italiano dell"anno','M'),('Squadra dell"anno UEFA','Trofeo annuale conferito dalla UEFA che racchiude le all-star','M'),('Miglior giovane della ligue 1','Premio assegnato al miglior giovane della competizione','M'), ('Best UEFA European Football Championship','Premio conferito al miglior giocatore dell"europeo','M'), ('Best Goalkeeper Of The Season','Conferito al miglior portiere della Premier League in quell"anno','M'), ('Capocannoniere Ligue 2','Trofeo assegnato annualmente al miglior marcatore di quella competizione','M'), ('Capocannoniere Ligue 1','Trofeo assegnato annualmente al miglior marcatore di quella competizione','M'), ('Capocannoniere della UEFA Europa League','Trofeo assegnato al annualmente al miglior marcatore di quella competizione','M'), ('Onze D"Or','Medalgia di oro del trofeo Onze di Oro','M'), ('Capocannoniere Leagues Cup','Trofeo assegnato al miglior marcatore della Legues Cup','M'), ('Best Player Of Leagues Cup','Trofeo assegnato al miglior giocatoere della Leagues Cup','M'), ('Miglior giovane Copa America','Trofeo assegnato al miglior emergente della competizione','M')

INSERT INTO Appartiene (Calciatore, Nazionalità)
VALUES ('13', 'Argentina'), ('13', 'Spagna'),
		  ('14', 'Francia'), 
		  ('15', 'Italia'),
		  ('16','Spagna'),
		  ('17','Italia'),
		  ('18','Italia'), ('18','Germania'), 
		  ('19','Spagna'),
		  ('20','Belgio'), 
		  ('21','Italia'),
		  ('22','Spagna'),
		  ('23','Spagna'),
		  ('24','Francia')

INSERT INTO Militanza ('Calciatore', 'Squadra', 'dataInizio', 'dataFine', 'partiteGiocare' ,'golSegnati', 'golSubiti')
VALUES
('1', '18', '1/7/2005', '10/8/2021', '778', '672', NULL ), 
('1', '32', '10/8/2021', '15/7/2023', '75', '32' , NULL),
('1', '58', '28/11/2003', '5/3/2004', '10', '5', NULL),
('1', '57', '5/3/2004', '1/7/2005', '22', '6', NULL),
('1','59','15/7/2023',NULL,'14','11', NULL),

('2', '16', '1/7/2012', '31/1/2018', '253', '105', NULL), 
('2', '15', '31/1/2018', '17/7/2021', '119', '39', '0'), 
('2', '23', '17/7/2021',NULL, '110', '43', '0'), 
('2','66','22/3/2006','1/7/2007','26','2', '0'), 
('2','65','1/7/2007','30/6/2008','34','14','0'), 
('2','66','30/6/2008','1/9/2008','0','0','0'),
('2','64','1/9/2008','1/7/2010','69','38','0'), 
('2','63','1/7/2010','1/7/2012','85','39','0'),

('3','25','30/6/2013','1/7/2013','0','0',NULL), 
('3','61','1/7/2013','1/7/2015','81','12',NULL), 
('3','25','1/7/2015','2/7/2015','0','0',NULL), 
('3','54','2/7/2015','30/6/2016','29','5',NULL), 
('3','25','30/6/2016','1/7/2016','0','0',NULL), 
('3','54','1/7/2016','1/7/2018','81','19',NULL), 
('3','24','1/7/2018','30/6/2019','48','6',NULL), 
('3','54','30/6/2019','1/7/2019','0','0',NULL), 
('3','24','1/7/2019','28/1/2020','15','0',NULL), 
('3','26','28/1/2020','30/5/2021','60','13',NULL), 
('3','24','30/05/2021','1/7/2021','0','0',NULL), 
('3','26','1/7/2021',NULL,'113','16',NULL),

('4','19','1/7/2009','1/7/2011','84','0','112'),
('4','13','1/7/2011','1/7/2023','545','0','590'), 
('4','70','1/7/2023',NULL,'0','0','0'),

('6','52','17/8/2018','3/1/2019','12','1',NULL),
('6','55', '3/1/2019','4/1/2019','0','0',NULL),
('6','49','4/1/2019','30/6/2019','18','2',NULL),
('6','55','30/6/2019','1/7/2019','0','0',NULL),
('6','49','1/7/2019','1/7/2023','123','15',NULL), 
('6','70','1/7/2023',NULL,'0','0',NULL),

('8', '62', '2005/07/01', '2012/06/30', '194', '50', NULL),
('8', '15', '2012/07/01', '2019/06/30', '352', '110', NULL),
('8', '17', '2019/07/01', '2023/06/30', '76', '7', NULL),

('7', '57', '1998/07/01', '2000/06/30', '61', '3', NULL),
('7', '18', '2000/07/01', '2015/06/30', '767', '85', NULL),
('7', '67', '2015/07/01', '2019/06/30', '117', '25', NULL),

('9', '23', '1984/08/19', '2009/05/23', '902', '33', NULL),

('10', '68', '2010/07/01', '2011/06/30', '24', '3', NULL),
('10', '69', '2011/07/01', '2012/06/30', '34', '15', NULL),
('10', '37', '2012/08/22', NULL, '289', '129', NULL),
('11', '37', '2016/08/15', NULL, '231', '33', NULL),

('12', '40', '2013/07/22', NULL, '425', '137', NULL),

('5', '53', '2009/08/23', '2010/08/31', '3', '0', NULL),
('5', '51', '2010/08/31', '2011/06/30', '2', '0', NULL),
('5','54', '2013/07/20', '2015/06/30', '64', '20', NULL),
('5', '22', '2015/07/20', '2017/06/30', '19', '5', NULL),
('5', '56', '2017/07/20', '2018/06/30', '8', '0', NULL),
('5', '20', '2018/07/20', '2022/01/31', '53', '19', NULL),
('5', '52', '2022/02/01', '2022/06/30', '92', '16', NULL),
('5', '70', '2022/06/30', NULL, '0', '0', NULL);

INSERT INTO Possiede (Calciatore,Feature)
VALUES  ('13','Dribbling'),
	('13','Visione'),
	('13','Velocità'),
	('13','Finalizzazione'),
	('14','Finalizzazione'),
	('15','Velocità'),
	('16','Riflessi'),
	('17','Colpo di testa'),
	('18','Finalizzazione'),
	('19','Visione'),
	('19','Passaggio'),
	('20','Velocità'),
	('20','Dribbling'),
	('21','Tackle'),
	('21','Colpo di testa'),
	('21','Velocità'),
	('22','Visione'),
	('23','Passaggio'),
	('23','Finalizzazione'),
	('24','Tackle')

INSERT INTO VinceCalciatore (Stagione,Calciatore,TrofeoCalciatore)
VALUES  
('2019/2020','24','UEFA Women"s Player of the Year'),

('2022/2023','23','FIFA The Best Women"s Player'), 
('2022/2023','23','Ballon d"Or Féminin'), 
('2022/2023','23','UEFA Women"s Player of the Year'),

('2020/2021','22','FIFA The Best Women"s Player'),
('2021/2022','22','FIFA The Best Women"s Player'),
('2020/2021','22','Ballon d"Or Féminin'),
('2021/2022','22','Ballon d"Or Féminin'),
('2020/2021','22','UEFA Women"s Player of the Year'),
('2021/2022','22','UEFA Women"s Player of the Year'),	

('1989/1990','21','Premio Bravo'),
('1990/1991','21','All-Star-Team dei mondiali'),
('1994/1995','21','All-Star-Team dei mondiali'),
('1995/1996','21','Onze Di Bronzo'),
('2002/2003','21','Premio Gianni Brera'),
('2003/2004','21','Squadra dell"anno UEFA'),
('2005/2006','21','Squadra dell"anno UEFA'),
('2005/2006','21','FIFA FIFPro World XI'),
('2007/2008','21','UEFA Women"s Player of the Year'),
('2009/2010','21','Golden Foot'),

('2009/2010','20','Miglior giovane della ligue 1'),
('2010/2011','20','Miglior giovane della ligue 1'),
('2014/2015','20','Premier League Player of the Season'),
('2017/2018','20','Squadra dell"anno UEFA'), 
('2018/2019','20','FIFA FIFPro World XI'),
('2019/2020','20','FIFA FIFPro World XI'),
('2018/2019','20','Premio UEFA Europa Conference League Player of the Season'),

('2007/2008','19','FIFA FIFPro World XI'),
('2008/2009','19','FIFA FIFPro World XI'),
('2009/2010','19','FIFA FIFPro World XI'),
('2010/2011','19','FIFA FIFPro World XI'),
('2011/2012','19','FIFA FIFPro World XI'),
('2012/2013','19','FIFA FIFPro World XI'),
('2007/2008','19','Squadra dell"anno UEFA'),
('2008/2009','19','Squadra dell"anno UEFA'),
('2009/2010','19','Squadra dell"anno UEFA'),
('2010/2011','19','Squadra dell"anno UEFA'),
('2011/2012','19','Squadra dell"anno UEFA'),
('2007/2008','19','Best UEFA European Football Championship'),
('2008/2009','19','UEFA Men Player of the Year'), 
('2010/2010','19','All-Star-Team dei mondiali'),
('2010/2011','19','Onze Di Bronzo'),

('2017/2018','16','Best Goalkeeper Of The Season'),
('2022/2023','16','Best Goalkeeper Of The Season'),
('2018/2019','16','FIFA FIFPro World XI'),

('2009/2010','14','Capocannoniere Ligue 2'),
('2011/2012','14','Capocannoniere Ligue 1'),
('2017/2017','14','Premio Puskás'),
('2018/2019','14','Capocannoniere della UEFA Europa League'),
('2022/2022','14','All-Star-Team dei mondiali'),

('2009/2009','13','Pallone d"Oro'),
('2010/2010','13','Pallone d"Oro'),
('2011/2011','13','Pallone d"Oro'),
('2012/2012','13','Pallone d"Oro'),
('2015/2015','13','Pallone d"Oro'),
('2019/2019','13','Pallone d"Oro'),
('2021/2021','13','Pallone d"Oro'),
('2023/2023','13','Pallone d"Oro'),
('2022/2023','13','Capocannoniere Leagues Cup'), 
('2022/2023','13','Best Player Of Leagues Cup'),
('2021/2021','13','Capocannoniere della Coppa America'), 
('2015/2015','13','Coppa America Best Player'), 
('2021/2021','13','Coppa America Best Player'), 
('2010/2011','13','Capocannoniere della Copa del Rey'),
('2013/2014','13','Capocannoniere della Copa del Rey'), 
('2015/2016','13','Capocannoniere della Copa del Rey'), 
('2016/2017','13','Capocannoniere della Copa del Rey'), 
('2009/2010','13','Scarpa d"oro'),
('2011/2012','13','Scarpa d"oro'),
('2012/2012','13','Scarpa d"oro'),
('2016/2017','13','Scarpa d"oro'),
('2017/2018','13','Scarpa d"oro'),
('2018/2019','13','Scarpa d"oro'),
('2019/2019','13','FIFA The Best Men"s Player'),
('2022/2022','13','FIFA The Best Men"s Player'),
('2023/2023','13','FIFA The Best Men"s Player'),
('2014/2015','13','Premio UEFA Super Cup Player of the Season'),
('2009/2009','13','Onze D"Or'),
('2011/2011','13','Onze D"Or'),
('2012/2012','13','Onze D"Or'),
('2018/2018','13','Onze D"Or'),
('2008/2009','13','La Liga Player of the Season'),
('2009/2010','13','La Liga Player of the Season'),
('2010/2011','13','La Liga Player of the Season'),
('2011/2012','13','La Liga Player of the Season'),
('2012/2013','13','La Liga Player of the Season'),
('2014/2015','13','La Liga Player of the Season'),
('2016/2017','13','La Liga Player of the Season'),
('2017/2018','13','La Liga Player of the Season'),
('2018/2019','13','La Liga Player of the Season'),
('2019/2020','13','La Liga Player of the Season'),
('2007/2007','13','Premio Bravo'),
('2007/2008','13','FIFA FIFPro World XI'),
('2008/2009','13','FIFA FIFPro World XI'),
('2009/2010','13','FIFA FIFPro World XI'),
('2010/2011','13','FIFA FIFPro World XI'),
('2011/2012','13','FIFA FIFPro World XI'),
('2012/2013','13','FIFA FIFPro World XI'),
('2013/2014','13','FIFA FIFPro World XI'),
('2014/2015','13','FIFA FIFPro World XI'),
('2015/2016','13','FIFA FIFPro World XI'),
('2016/2017','13','FIFA FIFPro World XI'),
('2017/2018','13','FIFA FIFPro World XI'),
('2018/2019','13','FIFA FIFPro World XI'),
('2019/2020','13','FIFA FIFPro World XI'),
('2020/2021','13','FIFA FIFPro World XI'),
('2021/2022','13','FIFA FIFPro World XI'),
('2022/2023','13','FIFA FIFPro World XI'),
('2008/2009','13','Capocannoniere della UEFA Champions League'),
('2009/2010','13','Capocannoniere della UEFA Champions League'),
('2010/2011','13','Capocannoniere della UEFA Champions League'),
('2011/2012','13','Capocannoniere della UEFA Champions League'),
('2014/2015','13','Capocannoniere della UEFA Champions League'),
('2018/2019','13','Capocannoniere della UEFA Champions League'),
('2007/2007','13','Miglior giovane Copa America'),
('2005/2005','13','Premio Golden Boy');